性别,年龄,星座,国家城市
男,999岁,未知,山西 太原
女,999岁,未知,湖南 长沙
男,999岁,未知,其他
女,999岁,未知,福建
男,999岁,未知,其他
男,999岁,未知,广东
女,999岁,未知,吉林 白城
女,999岁,未知,广西 南宁
女,999岁,未知,山东 莱芜
女,999岁,未知,陕西
女,999岁,未知,其他
女,999岁,未知,其他
女,999岁,未知,北京 通州区
女,999岁,未知,河北 张家口
女,999岁,未知,其他
女,999岁,未知,广西 南宁
女,999岁,未知,其他
女,999岁,未知,黑龙江 哈尔滨
女,999岁,未知,安徽 池州
男,999岁,未知,湖北
男,999岁,未知,其他
男,999岁,未知,广东 广州
男,999岁,未知,安徽 安庆
女,999岁,未知,河南 三门峡
女,999岁,未知,浙江 宁波
女,999岁,未知,广东
女,999岁,未知,浙江 绍兴
女,999岁,未知,其他
女,999岁,未知,其他
女,999岁,未知,湖南 永州
男,999岁,未知,上海
女,999岁,未知,四川 广元
女,999岁,未知,上海 松江区
女,999岁,未知,浙江 杭州
男,999岁,未知,海外
男,999岁,未知,四川 成都
女,999岁,未知,其他
男,999岁,未知,江西 鹰潭
男,999岁,未知,湖南
女,999岁,未知,广东 韶关
女,999岁,未知,山东
女,999岁,未知,湖北 武汉
女,999岁,未知,河南
女,999岁,未知,其他
女,999岁,未知,重庆 綦江县
男,999岁,未知,其他
男,999岁,未知,海外 其他
女,999岁,未知,广西 南宁
女,999岁,未知,陕西 咸阳
男,999岁,未知,天津 河北区
女,999岁,未知,广东
女,999岁,未知,内蒙古 呼和浩特
女,999岁,未知,重庆 万州区
女,999岁,未知,江苏 宿迁
女,999岁,未知,陕西 安康
女,999岁,未知,重庆
男,999岁,未知,上海
男,999岁,未知,海南
男,999岁,未知,重庆 南岸区
女,999岁,未知,福建 福州
女,999岁,未知,其他
女,999岁,未知,其他
男,999岁,未知,河北 沧州
女,999岁,未知,广东 阳江
女,999岁,未知,其他
女,999岁,未知,黑龙江
男,999岁,未知,上海 徐汇区
女,999岁,未知,海外 其他
女,999岁,未知,广东 广州
女,999岁,未知,其他
男,999岁,未知,北京
女,999岁,未知,海外 其他
女,999岁,未知,甘肃 兰州
女,999岁,未知,广东 深圳
男,999岁,未知,其他
女,999岁,未知,浙江 嘉兴
男,999岁,未知,其他
女,999岁,未知,广东 深圳
女,999岁,未知,江苏 苏州
男,999岁,未知,海外 美国
男,999岁,未知,其他
女,999岁,未知,广东 深圳
女,999岁,未知,重庆
女,999岁,未知,其他
女,999岁,未知,北京 朝阳区
男,999岁,未知,海外 日本
女,999岁,未知,其他
男,999岁,未知,其他
女,999岁,未知,广西 河池
女,999岁,未知,其他
女,999岁,未知,广东
女,999岁,未知,湖北 武汉
男,999岁,未知,其他
女,999岁,未知,上海 静安区
女,999岁,未知,广西 南宁
男,999岁,未知,其他
女,999岁,未知,江苏 苏州
女,999岁,未知,辽宁
女,999岁,未知,广东
女,999岁,未知,福建 福州
女,999岁,未知,江苏 苏州
男,999岁,未知,江苏 无锡
女,999岁,未知,海外
女,999岁,未知,四川 绵阳
女,999岁,未知,北京 朝阳区
女,999岁,未知,黑龙江 齐齐哈尔
女,999岁,未知,海外 加拿大
女,999岁,未知,内蒙古 包头
女,999岁,未知,江苏
女,999岁,未知,辽宁
男,999岁,未知,海外 其他
女,999岁,未知,北京
男,999岁,未知,其他
男,999岁,未知,上海 长宁区
女,999岁,未知,山东
女,999岁,未知,其他
女,999岁,未知,北京 海淀区
男,999岁,未知,海外 英国
女,999岁,未知,河南 郑州
女,999岁,未知,广东
女,999岁,未知,安徽 淮南
男,999岁,未知,四川
女,999岁,未知,四川 绵阳
男,999岁,未知,其他
女,999岁,未知,广东
女,999岁,未知,其他
男,999岁,未知,海南
男,999岁,未知,重庆 万州区
